{"cameraMode":{"drawMode":0,"name":"Shaded","section":"Shading Mode"},"sceneLighting":true,"audioPlay":false,"sceneViewState":{"showFog":true,"showMaterialUpdate":true,"showSkybox":true,"showFlares":true,"showImageEffects":true,"showParticleSystems":true},"in2DMode":false,"pivot":{"x":923.8848266601563,"y":-351.1119384765625,"z":338.7470703125},"rotation":{"x":-0.18484185636043549,"y":0.06392594426870346,"z":-0.012049385346472264,"w":-0.9806157350540161},"size":1023.5665893554688,"orthographic":false}